ID|Key|Raw|Username|Email|PasswordHash
100000|d62283e9c90d6dcbedc22b4f2c05157b11de4f8a021a0e5e062dbb0347b6e856|250626120444952677000501070839|massUser5432|massUser5432@example.com|Test 5432
100001|c3dfdcbcb44a1e7b75d91884bd230da4b8de8f48c8b3df55a9ea21cfbadd16ee|250626120444962411000501006723|massUser5889|massUser5889@example.com|Test 5889
100002|3e2e145a38c021c1a2f9613ea3e76d9dca52621656bc96ba81373b62d4d5043f|250626120444971697000501039781|massUser6422|massUser6422@example.com|Test 6422
100003|af76340ca8047c8fcdc89e7afc2adccecb82c56a057630c40bd8938cfd101c74|250626120444981482000501052805|massUser4270|massUser4270@example.com|Test 4270
100004|7c251d1ac5ec5bcf10b685f4f8e6e625f24e2655ed1a765b45ea9a7d3086f142|250626120444991228000501018185|massUser3935|massUser3935@example.com|Test 3935
100005|cc800c8e7e640d75c680fb8fc2798f9ba10ed3a613ebe6c84e8897efe9f074c6|250626120445000657000501067861|massUser5944|massUser5944@example.com|Test 5944
100006|6dbee0a4f42ba3e9e3f9c95d86e239ca63b53bdc303951c3aac52a43b977eccf|250626120445009559000501075856|massUser3520|massUser3520@example.com|Test 3520
100007|af5910544cf4e124230c2709d3f443a09ea23e27b1839fb9dcceb32090adaf56|250626120445019034000501095069|massUser4709|massUser4709@example.com|Test 4709
100008|f5a62095c350be71124f6db30e682b8fe1cccdc4cc4ca4da889c1605ff21375d|250626120445027985000501062213|massUser9291|massUser9291@example.com|Test 9291
100009|e46123fecdf09c530cb48d5a5187feb0d19e786a7700b24df246f0705b16e138|250626120445041875000501059873|massUser5961|massUser5961@example.com|Test 5961
# Generated (10) Users at 12:04:45 2025-06-26 by 501_matttownsend on orion(*nix)